,epoch,Lambda,Gamma,cover,learning_rate,quantiles,tree_height,feature_ratio,sample_ratio,time,confusion,acc,pre,spe,f1
0,10,0,0,0,0.1,5,3,0.25,0.25,6.297748565673828,"[[46  4]
 [20 20]]",0.7333333333333333,0.8333333333333334,0.92,0.625
1,25,0,0,0,0.1,5,3,0.25,0.25,19.523200750350952,"[[46  4]
 [20 20]]",0.7333333333333333,0.8333333333333334,0.92,0.625
